max_depth,min_samples_split,min_samples_leaf,ccp_alpha,val_mae,val_rmse,val_r2,test_mae,test_rmse,test_r2
5,100,2,0.00025,0.34848309183758547,0.43410798536532663,0.10262027162884457,0.3360134032127801,0.409474855769828,0.21141988003266488
