Model,Val_Accuracy,Val_F1-Score,Val_ROC-AUC,Test_Accuracy,Test_F1-Score,Test_ROC-AUC
Logistic Regression,0.7933333333333333,0.7770080260696397,0.8143915343915343,0.76,0.7504545454545454,0.7599999999999999
Decision Tree Classifier,0.8133333333333334,0.7973684210526315,0.8114285714285715,0.7466666666666667,0.7214906832298136,0.7135449735449735
