Model,Val_Accuracy,Val_F1-Score,Val_ROC-AUC,Test_Accuracy,Test_F1-Score,Test_ROC-AUC
Logistic Regression,0.7133333333333334,0.7210209463157371,0.7837037037037037,0.7133333333333334,0.7234807031136506,0.7790476190476191
Decision Tree Classifier,0.7333333333333333,0.7333333333333333,0.7540740740740741,0.6466666666666666,0.6591738898842672,0.7085714285714286
