Model,Val_Accuracy,Val_F1-Score,Val_ROC-AUC,Test_Accuracy,Test_F1-Score,Test_ROC-AUC
Logistic Regression,0.7133333333333334,0.7210209463157371,0.7837037037037037,0.7133333333333334,0.7234807031136506,0.7790476190476191
Decision Tree Classifier,0.6333333333333333,0.6483395342428001,0.729100529100529,0.5466666666666666,0.555072205384204,0.6932275132275132
