Model,Val_MAE,Val_RMSE,Test_MAE,Test_RMSE
Linear Regression,0.3464930110360525,0.41771899579711197,0.33134529895350406,0.3879268526574735
Decision Tree Regressor,0.34417173940898094,0.4347295773315977,0.3393377867733138,0.4144498010984179
